,Price-index,Year,avg_Eco_policy,UNRATE,con_price_index,monthly_new_house,transportation,population,fedral_rate,govt_subsidies,mortgage,net_housing_value,household_income,avg_sales_price,homeownership_rate,Per_Capita_GDP,Interest_rate
0,117.144,2002.0,123.21387096774193,5.7,174.1,3.8,210.2,180416623.504647,5.98,20.573,6.54,21.094,66360.0,211000.0,67.5,10470.231,6972.0
1,117.844,2002.0,122.26107142857143,5.7,174.7,3.7,212.1,180577730.832361,5.49,24.183,5.83,24.429,65820.0,211200.0,67.7,10599.0,6813.0
2,118.687,2002.0,124.46225806451612,5.7,175.4,3.8,210.0,180636104.798121,5.31,25.93,5.84,26.503,65860.0,207800.0,68.1,10598.02,6289.0
3,119.61,2002.0,105.17433333333332,5.9,175.4,3.9,208.3,180905518.18309096,4.8,27.201,5.87,28.585,65760.0,214200.0,68.0,10660.465,6075.0
4,120.724,2002.0,96.31193548387095,5.8,175.9,4.0,209.3,181014608.335271,4.21,27.651,6.41,31.688,66780.0,227600.0,67.8,10783.5,5841.0
5,121.813,2002.0,70.57433333333333,5.8,177.3,4.2,216.3,181356522.93578,3.97,28.604,6.34,30.683,67520.0,227600.0,67.6,10887.46,5507.0
6,122.888,2002.0,91.89645161290322,5.8,177.6,4.2,216.1,181614328.81665295,3.77,29.512,6.03,37.448,68610.0,219100.0,68.0,10984.04,6034.0
7,123.83,2002.0,80.83741935483872,5.7,178.0,4.4,213.7,181828452.476108,3.65,29.876,5.04,33.461,66280.0,232500.0,68.3,11061.433,5919.0
8,124.78,2002.0,234.57433333333333,5.7,177.4,4.4,212.7,182056480.622264,3.07,32.883,4.69,34.86,65850.0,233100.0,68.0,11174.129,5592.0
9,125.734,2002.0,236.4061290322581,5.7,176.7,4.3,209.1,182236635.463239,2.49,32.669,4.45,34.177,64300.0,241000.0,68.0,11312.766,6159.0
10,126.669,2002.0,154.38666666666666,5.9,176.9,4.1,205.1,182430585.042328,2.09,34.23,3.66,35.134,63350.0,248100.0,68.4,11566.669,5870.0
11,127.623,2002.0,127.57193548387096,6.0,176.9,3.8,204.8,182641878.738253,1.82,33.283,3.98,34.187,63350.0,256000.0,68.6,11772.234,5736.0
12,128.461,2003.0,141.64290322580644,5.8,177.6,4.2,205.8,182566431.891724,1.73,33.213,4.17,34.4,65740.0,262900.0,68.6,11923.447,5768.0
13,129.356,2003.0,86.75392857142857,5.9,178.5,4.0,207.3,182798390.110259,1.74,33.806,3.85,34.456,64900.0,265300.0,69.2,12112.815,5708.0
14,130.148,2003.0,94.42741935483872,5.9,179.1,4.1,207.9,183078312.425159,1.73,34.859,3.65,35.425,68410.0,274000.0,69.0,12305.307,5764.0
15,130.884,2003.0,74.522,6.0,179.5,4.3,209.7,183260453.015323,1.75,37.55,3.99,38.44,70840.0,286300.0,69.2,12527.214,6226.0
16,131.734,2003.0,89.65580645161289,6.1,179.7,4.0,211.9,183508212.496981,1.75,35.771,4.54,38.212,72090.0,288500.0,69.1,12767.286,6247.0
17,132.649,2003.0,87.07466666666666,6.3,180.7,4.2,211.3,183669058.444073,1.75,38.859,3.94,39.685,73030.0,287800.0,68.6,12922.656,6602.0
18,133.777,2003.0,126.56032258064516,6.2,181.2,4.2,209.7,183886883.515181,1.73,40.185,3.11,40.762,78250.0,294600.0,68.8,13142.642,6560.0
19,134.968,2003.0,114.96,6.1,181.7,4.0,209.4,184159563.752198,1.74,44.147,2.96,44.736,76660.0,294200.0,69.0,13324.204,6244.0
20,136.294,2003.0,138.87133333333333,6.1,181.5,3.9,206.5,184422418.039234,1.75,45.299,5.34,46.724,76330.0,305300.0,68.5,13599.16,6215.0
21,137.532,2003.0,113.3432258064516,6.0,181.4,4.0,203.4,184554225.96952,1.75,48.021,6.81,49.767,74580.0,302600.0,68.7,13753.424,6358.0
22,138.794,2003.0,136.548,5.8,181.2,4.0,202.3,184744733.237442,1.34,48.021,6.81,49.767,74580.0,308100.0,69.0,13870.188,6552.0
23,140.18,2003.0,153.67129032258063,5.7,181.1,4.0,203.0,184860046.150508,1.24,48.021,6.81,49.767,74580.0,299600.0,68.9,14039.56,6225.0
24,141.647,2004.0,184.77193548387095,5.7,182.3,4.0,202.2,185635346.37315,1.24,48.021,6.81,49.767,74580.0,322100.0,68.4,14215.651,5872.0
25,143.192,2004.0,192.12321428571428,5.6,183.2,4.5,203.6,185869692.256356,1.26,48.021,6.81,49.767,74580.0,310100.0,68.2,14402.082,6087.0
26,145.059,2004.0,212.56935483870967,5.8,184.3,4.1,206.1,186085118.209936,1.25,48.021,6.81,49.767,74580.0,301200.0,68.2,14564.117,6322.0
27,146.593,2004.0,135.47866666666667,5.6,184.1,4.1,207.2,186470753.987361,1.26,48.021,6.81,49.767,74580.0,305800.0,67.8,14715.058,5841.0
28,148.185,2004.0,116.63935483870968,5.6,184.5,3.9,211.6,186649077.97267705,1.26,48.021,6.81,49.767,74580.0,290400.0,67.8,14706.538,5060.0
29,149.85,2004.0,89.302,5.6,185.3,3.5,214.4,186800679.576504,1.22,48.021,6.81,49.767,74580.0,304200.0,68.1,14865.701,5012.0
30,151.337,2004.0,82.49387096774194,5.5,185.9,3.6,216.7,187066500.33798295,1.01,48.021,6.81,49.767,74580.0,285100.0,67.9,14898.999,5146.0
31,152.633,2004.0,89.77354838709677,5.4,186.1,3.5,213.8,187304009.475925,1.03,48.021,6.81,49.767,74580.0,276600.0,67.5,14608.209,4921.0
32,154.178,2004.0,96.158,5.4,185.8,3.8,211.2,187538981.253475,1.01,48.021,6.81,49.767,74580.0,257000.0,67.3,14430.902,5002.0
33,155.75,2004.0,65.80032258064516,5.5,185.7,3.8,211.3,187738514.819484,1.01,48.021,6.81,49.767,74580.0,273400.0,67.4,14381.236,4884.0
34,157.527,2004.0,61.467,5.4,185.1,4.1,207.9,187972351.58827305,1.0,48.021,6.81,49.767,74580.0,274100.0,67.6,14448.882,4437.0
35,159.329,2004.0,73.56870967741935,5.4,185.1,4.0,205.6,188136094.87789,0.98,48.021,6.81,49.767,74580.0,272900.0,67.2,14651.249,4436.0
36,161.287,2005.0,93.05129032258064,5.3,186.3,3.8,206.3,187688839.482615,1.0,48.021,6.81,49.767,74580.0,275300.0,67.1,14764.61,4847.0
37,163.343,2005.0,83.24655172413793,5.4,187.0,3.7,208.1,187876003.023031,1.01,48.021,6.81,49.767,74580.0,268800.0,66.9,14980.193,4651.0
38,165.812,2005.0,63.19322580645161,5.2,187.9,3.6,209.9,188058175.618794,1.0,48.021,6.81,49.767,74580.0,266000.0,66.9,15141.607,4292.0
39,167.501,2005.0,59.875,5.2,188.4,4.0,211.5,188320660.933455,1.0,48.021,6.81,49.767,74580.0,278000.0,66.5,15309.474,4002.0
40,169.35,2005.0,76.7016129032258,5.1,188.9,3.8,210.7,188475226.058824,1.0,48.021,6.81,49.767,74580.0,268100.0,66.4,15351.448,3922.0
41,171.19,2005.0,79.36333333333333,5.0,190.3,3.9,212.3,188689296.34988895,1.03,48.021,6.81,49.767,74580.0,267600.0,65.9,15557.539,3795.0
42,172.86,2005.0,60.95,5.0,190.9,4.5,214.4,188839779.735266,1.26,48.021,6.81,49.767,74580.0,263000.0,66.3,15647.68,3554.0
43,174.443,2005.0,70.37935483870967,4.9,191.2,4.3,209.7,189070874.198522,1.43,48.021,6.81,49.767,74580.0,259700.0,66.0,15842.259,3359.0
44,176.437,2005.0,75.086,5.0,191.0,4.1,205.3,189216972.380313,1.61,48.021,6.81,49.767,74580.0,278000.0,65.4,16068.805,3497.0
45,178.027,2005.0,102.4748387096774,5.0,191.0,3.9,206.5,189444450.963992,1.76,48.021,6.81,49.767,74580.0,282700.0,65.5,16207.115,3672.0
46,179.68,2005.0,72.18733333333333,5.0,190.8,4.3,208.6,189655307.838414,1.93,48.021,6.81,49.767,74580.0,294500.0,65.5,16319.541,4440.0
47,180.909,2005.0,40.125806451612895,4.9,190.7,4.1,205.4,189811053.36688295,2.16,48.021,6.81,49.767,74580.0,297700.0,65.4,16420.419,4293.0
48,182.32,2006.0,66.99064516129032,4.7,191.8,4.4,204.4,189990144.46577495,2.28,48.021,6.81,49.767,74580.0,307400.0,65.0,16648.189,4365.0
49,183.287,2006.0,63.73035714285714,4.8,192.7,4.3,205.9,190144602.89026895,2.5,48.021,6.81,49.767,74580.0,320400.0,65.0,16728.687,4228.0
50,184.364,2006.0,55.762580645161286,4.7,194.1,4.1,210.1,190460726.509212,2.63,48.021,6.81,49.767,74580.0,324400.0,65.3,16953.838,4135.0
51,184.329,2006.0,66.458,4.7,194.4,4.3,215.0,190466075.803662,2.79,48.021,6.81,49.767,74580.0,334400.0,65.2,17192.019,3964.0
52,184.156,2006.0,73.07419354838709,4.6,194.5,4.2,218.0,190709890.602971,3.0,48.021,6.81,49.767,74580.0,331400.0,64.8,17197.738,3717.0
53,183.507,2006.0,59.68933333333333,4.6,195.5,4.3,222.4,190962474.634275,3.04,48.021,6.81,49.767,74580.0,340600.0,64.7,17518.508,3819.0
54,183.066,2006.0,50.88483870967742,4.7,196.6,4.2,226.1,191114389.968375,3.26,48.021,6.81,49.767,74580.0,340400.0,64.4,17804.228,3947.0
55,182.594,2006.0,56.08838709677419,4.7,196.9,4.5,223.3,191266452.871752,3.5,48.021,6.81,49.767,74580.0,369400.0,64.0,17912.079,3902.0
56,182.797,2006.0,85.24833333333333,4.5,197.0,4.7,220.7,191438220.909398,3.62,48.021,6.81,49.767,74580.0,348000.0,63.7,18063.529,3738.0
57,183.197,2006.0,62.99677419354839,4.4,198.4,4.5,222.7,191655197.459811,3.78,48.021,6.81,49.767,74580.0,339700.0,63.4,18279.784,3589.0
58,183.608,2006.0,48.773,4.5,198.5,5.0,220.8,191932856.777771,4.0,48.021,6.81,49.767,74580.0,347400.0,63.7,18401.626,3446.0
59,184.138,2006.0,60.02741935483871,4.4,198.3,4.9,217.6,192145684.546109,4.16,48.021,6.81,49.767,74580.0,366700.0,63.8,18435.137,3842.0
60,184.517,2007.0,63.64354838709677,4.6,200.0,5.3,219.9,192351175.115582,4.29,48.021,6.81,49.767,74580.0,357000.0,63.5,18525.933,4173.0
61,184.598,2007.0,59.09428571428571,4.5,200.5,6.1,221.3,192542751.521493,4.49,48.021,6.81,49.767,74580.0,357900.0,62.9,18711.702,3980.0
62,184.15,2007.0,51.51064516129032,4.4,201.3,5.9,222.6,192688879.143996,4.59,48.021,6.81,49.767,74580.0,358800.0,63.5,18892.639,3884.0
63,183.01,2007.0,69.783,4.5,201.7,6.3,225.3,192814750.630729,4.79,48.021,6.81,49.767,74580.0,364900.0,63.7,19089.379,3922.0
64,181.6,2007.0,67.51516129032258,4.4,202.2,6.2,229.2,192912759.185218,4.94,48.021,6.81,49.767,74580.0,374800.0,63.6,19280.084,4282.0
65,180.253,2007.0,67.88633333333333,4.6,203.7,6.3,234.3,193147767.04692295,4.99,48.021,6.81,49.767,74580.0,376900.0,63.7,19438.643,4545.0
66,179.11,2007.0,74.71290322580644,4.7,204.7,7.3,237.4,193315277.68087,5.24,48.021,6.81,49.767,74580.0,373200.0,63.9,19692.595,4567.0
67,178.116,2007.0,71.14838709677419,4.6,205.1,6.7,234.3,193456234.309971,5.25,48.021,6.81,49.767,74580.0,399700.0,64.2,20037.088,4785.0
68,177.557,2007.0,39.139,4.7,205.0,6.7,229.5,193556767.582028,5.25,48.021,6.81,49.767,74580.0,374600.0,64.2,20328.553,4374.0
69,176.623,2007.0,42.93870967741936,4.7,204.4,7.3,226.9,193703230.089313,5.25,48.021,6.81,49.767,74580.0,378400.0,64.3,20580.912,4011.0
70,175.146,2007.0,50.216,4.7,204.5,6.6,220.4,193949729.62242305,5.25,48.021,6.81,49.767,74580.0,392900.0,64.4,20798.73,3658.0
71,174.341,2007.0,38.20903225806452,5.0,204.8,6.5,217.8,194181587.897399,5.24,48.021,6.81,49.767,74580.0,384000.0,64.8,20917.867,3700.0
72,173.131,2008.0,56.95483870967742,5.0,206.057,7.2,221.403,194951758.751848,5.25,48.021,6.81,49.767,74580.0,375500.0,64.2,21104.133,3522.0
73,171.54,2008.0,58.37785714285714,4.9,207.177,7.9,224.061,195126741.73179305,5.26,48.021,6.81,49.767,74580.0,376700.0,64.1,21384.775,3239.0
74,170.051,2008.0,54.72451612903225,5.1,208.08,7.9,225.893,195232594.445134,5.26,48.021,6.81,49.767,74580.0,382700.0,64.8,21694.282,2947.0
75,168.336,2008.0,44.371,5.0,208.541,7.4,227.567,195285473.944645,5.25,48.021,6.81,49.767,74580.0,384600.0,65.1,21902.39,2752.0
76,166.658,2008.0,55.788387096774194,5.4,208.902,7.8,228.251,195378957.753014,5.25,48.021,6.81,49.767,74580.0,383000.0,65.3,21706.513,2899.0
77,165.016,2008.0,50.80166666666666,5.6,210.649,8.2,233.389,195626531.991346,5.25,48.021,6.81,49.767,74580.0,374500.0,67.9,19913.143,2988.0
78,163.565,2008.0,38.93387096774194,5.8,211.286,8.3,235.767,195763504.072784,5.26,48.021,6.81,49.767,74580.0,397800.0,67.4,21647.64,2864.0
79,161.987,2008.0,81.75161290322579,6.1,211.098,9.2,233.112,195850812.920352,5.02,48.021,6.81,49.767,74580.0,403900.0,65.8,22024.502,3079.0
80,160.307,2008.0,79.89133333333332,6.1,210.865,9.2,230.694,195981075.168908,4.94,48.021,6.81,49.767,74580.0,418600.0,65.6,22600.185,3822.0
81,158.326,2008.0,72.21290322580644,6.5,210.701,8.5,232.725,196079324.765129,4.76,48.021,6.81,49.767,74580.0,440600.0,65.4,23292.362,5266.0
82,156.141,2008.0,64.19,6.8,210.745,9.4,233.758,196221924.559695,4.49,48.021,6.81,49.767,74580.0,473000.0,65.4,23828.973,5623.0
83,153.618,2008.0,91.99612903225807,7.3,210.933,9.6,233.408,196456046.63756305,4.24,48.021,6.81,49.767,74580.0,497300.0,65.5,24654.603,6665.0
84,151.506,2009.0,182.06129032258065,7.8,212.244,9.3,234.334,196086885.646281,3.94,48.021,6.81,49.767,74580.0,514100.0,65.4,25029.116,6372.0
85,150.014,2009.0,118.06724137931035,8.3,213.026,9.7,235.724,196234596.966847,2.98,48.021,6.81,49.767,74580.0,527500.0,65.8,25544.273,6511.0
86,148.66,2009.0,121.86903225806452,8.7,214.389,10.5,242.929,196399720.740184,2.61,48.021,6.81,49.767,74580.0,547800.0,66.0,25994.639,7040.0
87,147.948,2009.0,100.466,9.0,214.89,10.3,244.164,196185183.956292,2.28,48.021,6.81,49.767,74580.0,552600.0,65.9,26408.405,7040.0
88,147.693,2009.0,84.73419354838708,9.4,215.809,10.7,251.6,196465025.840138,1.98,48.021,6.81,49.767,74580.0,505300.0,66.0,26813.601,7040.0
89,148.089,2009.0,98.481,9.5,217.941,10.7,264.681,196572839.950144,2.0,48.021,6.81,49.767,74580.0,503000.0,65.9,27063.012,7040.0
90,148.408,2009.0,101.74806451612903,9.5,219.61,10.5,270.002,196675087.052917,2.01,48.021,6.81,49.767,74580.0,513400.0,66.0,27610.128,7040.0
91,148.277,2009.0,91.43612903225807,9.6,219.148,11.3,268.487,196811699.220529,2.0,48.021,6.81,49.767,74580.0,513400.0,66.0,27610.128,7040.0
92,148.024,2009.0,183.97433333333333,9.8,218.184,10.9,261.318,196983627.413106,1.81,48.021,6.81,49.767,74580.0,513400.0,66.0,27610.128,7040.0
93,147.849,2009.0,243.4674193548387,10.0,217.383,11.6,252.323,197148227.499098,0.97,48.021,6.81,49.767,74580.0,513400.0,66.0,27610.128,7040.0
94,148.135,2009.0,220.64866666666663,9.9,216.467,11.4,243.385,197282902.994639,0.39,48.021,6.81,49.767,74580.0,513400.0,66.0,27610.128,7040.0
95,147.929,2009.0,165.27870967741936,9.9,216.073,11.2,237.638,197450630.74704,0.16,48.021,6.81,49.767,74580.0,513400.0,66.0,27610.128,7040.0
96,147.396,2010.0,215.2174193548387,9.8,216.928,12.2,234.394,196957168.078512,0.15,48.021,6.81,49.767,74580.0,513400.0,66.0,27610.128,7040.0
97,145.632,2010.0,238.86,9.8,217.18,10.5,231.529,197130254.265795,0.22,48.021,6.81,49.767,74580.0,513400.0,66.0,27610.128,7040.0
98,145.858,2010.0,189.9348387096774,9.9,217.374,11.0,230.735,197296740.796326,0.18,48.021,6.81,49.767,74580.0,513400.0,66.0,27610.128,7040.0
99,146.403,2010.0,139.217,9.9,217.126,10.7,229.827,197765218.550998,0.15,48.021,6.81,49.767,74580.0,513400.0,66.0,27610.128,7040.0
100,146.394,2010.0,122.90709677419353,9.6,216.971,9.3,228.878,197891891.901038,0.18,48.021,6.81,49.767,74580.0,513400.0,66.0,27610.128,7040.0
101,145.72,2010.0,107.17366666666666,9.4,218.071,8.5,232.54,197604115.283094,0.21,48.021,6.81,49.767,74580.0,513400.0,66.0,27610.128,7040.0
102,144.99,2010.0,121.4583870967742,9.4,218.085,7.9,238.932,197767457.71878,0.16,48.021,6.81,49.767,74580.0,513400.0,66.0,27610.128,7040.0
103,143.914,2010.0,94.85806451612903,9.5,217.827,7.5,238.997,198115216.55840105,0.16,48.021,6.81,49.767,74580.0,513400.0,66.0,27610.128,7040.0
104,143.018,2010.0,91.19866666666665,9.5,217.178,7.8,239.855,198362395.499829,0.15,48.021,6.81,49.767,74580.0,513400.0,66.0,27610.128,7040.0
105,142.528,2010.0,81.96032258064515,9.4,216.612,7.4,241.06,198618566.659451,0.12,48.021,6.81,49.767,74580.0,513400.0,66.0,27610.128,7040.0
106,142.169,2010.0,111.37866666666666,9.8,215.808,7.6,244.226,198613900.547094,0.12,48.021,6.81,49.767,74580.0,513400.0,66.0,27610.128,7040.0
107,142.056,2010.0,129.59,9.3,215.523,8.0,245.203,198622777.171291,0.12,48.021,6.81,49.767,74580.0,513400.0,66.0,27610.128,7040.0
108,141.518,2011.0,156.72870967741937,9.1,215.925,8.1,241.058,198064131.621042,0.11,48.021,6.81,49.767,74580.0,513400.0,66.0,27610.128,7040.0
109,140.347,2011.0,151.77142857142857,9.0,215.841,8.3,241.967,198328300.957783,0.13,48.021,6.81,49.767,74580.0,513400.0,66.0,27610.128,7040.0
110,139.978,2011.0,110.02806451612904,9.0,216.023,7.1,244.766,198648956.056007,0.16,48.021,6.81,49.767,74580.0,513400.0,66.0,27610.128,7040.0
111,140.008,2011.0,87.81633333333333,9.1,215.798,6.2,249.135,199116837.453571,0.2,48.021,6.81,49.767,74580.0,513400.0,66.0,27610.128,7040.0
112,139.904,2011.0,118.88548387096775,9.0,215.981,9.3,253.275,199225487.91262695,0.2,48.021,6.81,49.767,74580.0,513400.0,66.0,27610.128,7040.0
113,139.86,2011.0,127.63266666666667,9.1,216.778,8.3,257.825,198999262.421882,0.18,48.021,6.81,49.767,74580.0,513400.0,66.0,27610.128,7040.0
114,139.729,2011.0,176.80419354838708,9.0,217.076,8.9,257.337,199105074.427268,0.18,48.021,6.81,49.767,74580.0,513400.0,66.0,27610.128,7040.0
115,139.307,2011.0,161.46967741935484,9.0,216.976,8.8,254.717,199360082.210574,0.19,48.021,6.81,49.767,74580.0,513400.0,66.0,27610.128,7040.0
116,138.667,2011.0,213.92533333333333,9.0,216.602,7.6,252.525,199591386.883824,0.19,48.021,6.81,49.767,74580.0,513400.0,66.0,27610.128,7040.0
117,137.951,2011.0,229.31580645161287,8.8,216.1,8.2,251.435,199860409.9584,0.19,48.021,6.81,49.767,74580.0,513400.0,66.0,27610.128,7040.0
118,137.151,2011.0,169.89633333333333,8.6,215.83,8.2,254.995,199933840.025682,0.19,48.021,6.81,49.767,74580.0,513400.0,66.0,27610.128,7040.0
119,136.673,2011.0,157.47,8.5,216.142,7.0,257.172,199961557.434899,0.18,48.021,6.81,49.767,74580.0,513400.0,66.0,27610.128,7040.0
120,136.608,2012.0,139.7467741935484,8.3,216.739,7.3,259.634,199070588.283022,0.17,48.021,6.81,49.767,74580.0,513400.0,66.0,27610.128,7040.0
121,136.533,2012.0,118.35964285714284,8.3,217.259,8.1,265.327,199328475.322804,0.16,48.021,6.81,49.767,74580.0,513400.0,66.0,27610.128,7040.0
122,137.904,2012.0,140.79451612903225,8.2,217.707,7.2,270.366,199524091.216163,0.14,48.021,6.81,49.767,74580.0,513400.0,66.0,27610.128,7040.0
123,139.154,2012.0,116.03166666666667,8.2,217.901,6.7,272.187,199950702.45863,0.1,48.021,6.81,49.767,74580.0,513400.0,66.0,27610.128,7040.0
124,140.154,2012.0,93.21774193548387,8.2,218.484,6.6,271.417,200048232.572712,0.09,48.021,6.81,49.767,74580.0,513400.0,66.0,27610.128,7040.0
125,141.029,2012.0,126.05866666666665,8.2,219.553,6.6,272.297,199917201.43496,0.09,48.021,6.81,49.767,74580.0,513400.0,66.0,27610.128,7040.0
126,141.669,2012.0,200.15064516129033,8.2,220.23,6.7,272.868,200019712.799292,0.07,48.021,6.81,49.767,74580.0,513400.0,66.0,27610.128,7040.0
127,142.279,2012.0,253.91870967741932,8.1,220.506,6.5,272.949,200121131.328388,0.1,48.021,6.81,49.767,74580.0,513400.0,66.0,27610.128,7040.0
128,142.907,2012.0,221.50666666666663,7.8,220.54,6.3,271.199,200261981.843865,0.08,48.021,6.81,49.767,74580.0,513400.0,66.0,27610.128,7040.0
129,143.6,2012.0,133.75290322580645,7.8,220.138,6.0,269.158,200456315.211364,0.07,48.021,6.81,49.767,74580.0,513400.0,66.0,27610.128,7040.0
130,144.583,2012.0,133.72266666666667,7.7,219.969,5.7,268.478,200414593.178849,0.08,48.021,6.81,49.767,74580.0,513400.0,66.0,27610.128,7040.0
131,145.5,2012.0,186.00387096774196,7.9,220.193,5.3,266.958,200418323.18193,0.07,48.021,6.81,49.767,74580.0,513400.0,66.0,27610.128,7040.0
132,146.825,2013.0,156.16677419354838,8.0,220.805,5.3,263.968,201012879.326228,0.08,48.021,6.81,49.767,74580.0,513400.0,66.0,27610.128,7040.0
133,147.783,2013.0,112.69482758620688,7.7,221.117,4.8,265.83,201108274.046387,0.1,48.021,6.81,49.767,74580.0,513400.0,66.0,27610.128,7040.0
134,149.962,2013.0,90.24903225806452,7.5,221.487,4.9,269.566,201199800.545114,0.13,48.021,6.81,49.767,74580.0,513400.0,66.0,27610.128,7040.0
135,151.517,2013.0,94.954,7.6,221.682,4.9,275.272,201473874.824689,0.14,48.021,6.81,49.767,74580.0,513400.0,66.0,27610.128,7040.0
136,152.848,2013.0,120.23387096774192,7.5,221.971,4.7,277.929,201512387.169875,0.16,48.021,6.81,49.767,74580.0,513400.0,66.0,27610.128,7040.0
137,154.198,2013.0,169.62566666666666,7.5,223.051,4.8,276.784,201442085.960376,0.16,48.021,6.81,49.767,74580.0,513400.0,66.0,27610.128,7040.0
138,155.601,2013.0,171.5925806451613,7.3,223.316,4.6,273.033,201434361.59993,0.16,48.021,6.81,49.767,74580.0,513400.0,66.0,27610.128,7040.0
139,156.962,2013.0,149.64612903225807,7.2,223.699,4.6,268.755,201503946.658442,0.13,48.021,6.81,49.767,74580.0,513400.0,66.0,27610.128,7040.0
140,158.224,2013.0,146.60366666666667,7.2,223.901,4.5,268.791,201622437.000035,0.14,48.021,6.81,49.767,74580.0,513400.0,66.0,27610.128,7040.0
141,159.24,2013.0,161.6977419354839,7.2,223.708,4.9,270.681,201721747.344093,0.16,48.021,6.81,49.767,74580.0,513400.0,66.0,27610.128,7040.0
142,160.074,2013.0,208.1903333333333,6.9,223.814,4.6,272.244,201770072.049884,0.16,48.021,6.81,49.767,74580.0,513400.0,66.0,27610.128,7040.0
143,160.994,2013.0,211.77129032258063,6.7,224.032,4.5,273.364,201889077.49231097,0.16,48.021,6.81,49.767,74580.0,513400.0,66.0,27610.128,7040.0
144,161.926,2014.0,204.0032258064516,6.6,224.79,4.0,273.577,201739926.713021,0.14,48.021,6.81,49.767,74580.0,513400.0,66.0,27610.128,7040.0
145,162.525,2014.0,145.20964285714285,6.7,225.382,4.1,274.684,201879587.833252,0.15,48.021,6.81,49.767,74580.0,513400.0,66.0,27610.128,7040.0
146,163.085,2014.0,137.82903225806453,6.7,225.643,4.2,280.356,202092974.712288,0.14,48.021,6.81,49.767,74580.0,513400.0,66.0,27610.128,7040.0
147,163.392,2014.0,89.16766666666666,6.2,225.986,4.4,282.364,202114604.53795,0.15,48.021,6.81,49.767,74580.0,513400.0,66.0,27610.128,7040.0
148,163.659,2014.0,78.37612903225806,6.3,226.896,4.6,286.896,202300530.337311,0.11,48.021,6.81,49.767,74580.0,513400.0,66.0,27610.128,7040.0
149,164.06,2014.0,81.67,6.1,228.068,4.1,286.832,202335339.614864,0.09,48.021,6.81,49.767,74580.0,513400.0,66.0,27610.128,7040.0
150,164.574,2014.0,93.22290322580643,6.2,228.374,5.5,281.394,202343929.264849,0.09,48.021,6.81,49.767,74580.0,513400.0,66.0,27610.128,7040.0
151,165.214,2014.0,92.87741935483872,6.1,228.564,5.5,273.893,202433138.888136,0.08,48.021,6.81,49.767,74580.0,513400.0,66.0,27610.128,7040.0
152,165.904,2014.0,116.717,5.9,228.808,5.4,273.182,202607857.442801,0.08,48.021,6.81,49.767,74580.0,513400.0,66.0,27610.128,7040.0
153,166.641,2014.0,176.28096774193548,5.7,228.362,4.9,277.556,202635928.413109,0.09,48.021,6.81,49.767,74580.0,513400.0,66.0,27610.128,7040.0
154,167.334,2014.0,83.81566666666666,5.8,228.449,5.0,282.318,202701720.34911,0.08,48.021,6.81,49.767,74580.0,513400.0,66.0,27610.128,7040.0
155,168.049,2014.0,90.93870967741935,5.6,228.892,5.2,273.161,202726176.172807,0.09,48.021,6.81,49.767,74580.0,513400.0,66.0,27610.128,7040.0
156,168.633,2015.0,95.62741935483872,5.7,230.256,5.1,266.949,202493411.868639,0.07,48.021,6.81,49.767,74580.0,513400.0,66.0,27610.128,7040.0
157,169.128,2015.0,83.49142857142857,5.5,230.905,5.3,269.873,202561070.650782,0.07,48.021,6.81,49.767,74580.0,513400.0,66.0,27610.128,7040.0
158,169.798,2015.0,72.93064516129031,5.4,231.968,5.6,273.384,202693607.013295,0.08,48.021,6.81,49.767,74580.0,513400.0,66.0,27610.128,7040.0
159,170.297,2015.0,63.76,5.4,231.689,5.7,282.623,202799483.716883,0.09,48.021,6.81,49.767,74580.0,513400.0,66.0,27610.128,7040.0
160,170.881,2015.0,68.4025806451613,5.6,232.744,5.2,295.848,202923873.293004,0.09,48.021,6.81,49.767,74580.0,513400.0,66.0,27610.128,7040.0
161,171.467,2015.0,68.896,5.3,233.894,5.7,296.981,203093194.09441105,0.1,48.021,6.81,49.767,74580.0,513400.0,66.0,27610.128,7040.0
162,172.128,2015.0,72.39387096774193,5.2,234.475,6.2,281.288,203116450.810818,0.09,48.021,6.81,49.767,74580.0,513400.0,66.0,27610.128,7040.0
163,172.937,2015.0,53.53774193548387,5.1,234.571,5.4,269.167,203209765.041602,0.09,48.021,6.81,49.767,74580.0,513400.0,66.0,27610.128,7040.0
164,173.828,2015.0,57.967666666666666,5.0,234.675,5.4,267.142,203253731.075518,0.09,48.021,6.81,49.767,74580.0,513400.0,66.0,27610.128,7040.0
165,174.791,2015.0,66.28516129032258,5.0,234.434,5.3,272.47,203283833.574695,0.09,48.021,6.81,49.767,74580.0,513400.0,66.0,27610.128,7040.0
166,175.737,2015.0,58.178,5.1,234.315,5.7,275.645,203371703.641928,0.09,48.021,6.81,49.767,74580.0,513400.0,66.0,27610.128,7040.0
167,176.54,2015.0,66.24161290322581,5.0,234.658,5.1,265.356,203426054.88517305,0.12,48.021,6.81,49.767,74580.0,513400.0,66.0,27610.128,7040.0
168,177.27,2016.0,80.64967741935484,4.8,235.485,4.8,262.179,203882371.279071,0.11,48.021,6.81,49.767,74580.0,513400.0,66.0,27610.128,7040.0
169,177.646,2016.0,68.65714285714286,4.9,236.016,4.5,264.757,203937741.558208,0.11,48.021,6.81,49.767,74580.0,513400.0,66.0,27610.128,7040.0
170,178.162,2016.0,62.27483870967742,5.0,236.435,5.1,264.248,204002981.996736,0.11,48.021,6.81,49.767,74580.0,513400.0,66.0,27610.128,7040.0
171,178.764,2016.0,66.03,5.1,236.777,4.9,269.266,204017514.634363,0.12,48.021,6.81,49.767,74580.0,513400.0,66.0,27610.128,7040.0
172,179.428,2016.0,62.85967741935484,4.8,237.175,5.0,283.64,204232987.717287,0.12,48.021,6.81,49.767,74580.0,513400.0,66.0,27610.128,7040.0
173,180.079,2016.0,67.026,4.9,238.568,5.4,287.358,204417752.572942,0.13,48.021,6.81,49.767,74580.0,513400.0,66.0,27610.128,7040.0
174,180.825,2016.0,74.31193548387095,4.8,239.085,5.2,272.505,204506088.881945,0.13,48.021,6.81,49.767,74580.0,513400.0,66.0,27610.128,7040.0
175,181.848,2016.0,76.01096774193549,4.9,239.298,5.0,261.386,204556122.755438,0.14,48.021,6.81,49.767,74580.0,513400.0,66.0,27610.128,7040.0
176,182.821,2016.0,87.062,5.0,239.651,5.9,259.43,204527761.662847,0.14,48.021,6.81,49.767,74580.0,513400.0,66.0,27610.128,7040.0
177,183.747,2016.0,65.7516129032258,4.9,239.395,5.6,266.338,204580177.077722,0.12,48.021,6.81,49.767,74580.0,513400.0,66.0,27610.128,7040.0
178,184.756,2016.0,55.510666666666665,4.7,239.325,5.5,270.809,204606894.698126,0.12,48.021,6.81,49.767,74580.0,513400.0,66.0,27610.128,7040.0
179,185.718,2016.0,71.08064516129032,4.7,239.514,5.1,262.787,204720548.387829,0.24,48.021,6.81,49.767,74580.0,513400.0,66.0,27610.128,7040.0
180,186.801,2017.0,80.38064516129032,4.7,240.424,5.6,261.893,205109771.430019,0.34,48.021,6.81,49.767,74580.0,513400.0,66.0,27610.128,7040.0
181,187.313,2017.0,78.93103448275862,4.6,241.015,5.5,264.528,205162885.835179,0.38,48.021,6.81,49.767,74580.0,513400.0,66.0,27610.128,7040.0
182,187.991,2017.0,63.63,4.4,241.485,5.5,265.017,205294868.071864,0.36,48.021,6.81,49.767,74580.0,513400.0,66.0,27610.128,7040.0
183,188.723,2017.0,52.43566666666666,4.4,241.79,5.0,272.167,205241855.30181,0.37,48.021,6.81,49.767,74580.0,513400.0,66.0,27610.128,7040.0
184,189.615,2017.0,55.181612903225805,4.4,242.811,5.1,280.676,205444475.592398,0.37,48.021,6.81,49.767,74580.0,513400.0,66.0,27610.128,7040.0
185,190.507,2017.0,133.648,4.3,244.28,5.3,280.801,205611840.100965,0.38,48.021,6.81,49.767,74580.0,513400.0,66.0,27610.128,7040.0
186,191.445,2017.0,94.67,4.3,244.936,4.5,266.626,205721546.247137,0.39,48.021,6.81,49.767,74580.0,513400.0,66.0,27610.128,7040.0
187,192.661,2017.0,71.41258064516128,4.4,245.472,5.0,258.167,205719975.952004,0.4,48.021,6.81,49.767,74580.0,513400.0,66.0,27610.128,7040.0
188,193.755,2017.0,50.289333333333325,4.3,246.127,5.2,257.462,205746285.757389,0.4,48.021,6.81,49.767,74580.0,513400.0,66.0,27610.128,7040.0
189,194.799,2017.0,69.44645161290322,4.2,246.264,5.2,259.062,205823439.447656,0.4,48.021,6.81,49.767,74580.0,513400.0,66.0,27610.128,7040.0
190,195.947,2017.0,125.67233333333331,4.2,246.271,5.2,261.563,205811828.227144,0.41,48.021,6.81,49.767,74580.0,513400.0,66.0,27610.128,7040.0
191,197.163,2017.0,123.92709677419354,4.1,246.795,5.4,256.802,205949625.567472,0.54,48.021,6.81,49.767,74580.0,513400.0,66.0,27610.128,7040.0
192,198.305,2018.0,144.13548387096773,4.0,247.942,5.4,258.551,205344403.837718,0.65,48.021,6.81,49.767,74580.0,513400.0,66.0,27610.128,7040.0
193,199.226,2018.0,119.4275,4.1,248.693,5.3,264.47,205351513.930728,0.66,48.021,6.81,49.767,74580.0,513400.0,66.0,27610.128,7040.0
194,199.965,2018.0,112.85290322580644,4.0,248.978,5.0,266.591,205267918.37708,0.79,48.021,6.81,49.767,74580.0,513400.0,66.0,27610.128,7040.0
195,200.661,2018.0,101.35633333333332,4.0,249.514,5.4,273.206,205393193.929005,0.9,48.021,6.81,49.767,74580.0,513400.0,66.0,27610.128,7040.0
196,201.427,2018.0,92.18935483870968,3.8,250.376,5.1,276.569,205502426.80103895,0.91,48.021,6.81,49.767,74580.0,513400.0,66.0,27610.128,7040.0
197,202.232,2018.0,95.06,4.0,251.629,5.3,274.514,205687226.297763,1.04,48.021,6.81,49.767,74580.0,513400.0,66.0,27610.128,7040.0
198,202.907,2018.0,100.40903225806451,3.8,251.87,5.8,263.345,205738306.568501,1.15,48.021,6.81,49.767,74580.0,513400.0,66.0,27610.128,7040.0
199,203.684,2018.0,73.28774193548387,3.8,252.615,6.1,253.737,205719781.084534,1.16,48.021,6.81,49.767,74580.0,513400.0,66.0,27610.128,7040.0
200,204.343,2018.0,84.18766666666666,3.7,252.984,5.3,254.65,205689659.650249,1.15,48.021,6.81,49.767,74580.0,513400.0,66.0,27610.128,7040.0
201,205.103,2018.0,70.21064516129032,3.8,253.125,5.5,259.699,205674728.188026,1.15,48.021,6.81,49.767,74580.0,513400.0,66.0,27610.128,7040.0
202,205.656,2018.0,91.195,3.8,253.177,4.8,259.341,205660685.323879,1.16,48.021,6.81,49.767,74580.0,513400.0,66.0,27610.128,7040.0
203,206.138,2018.0,90.57258064516128,3.9,253.845,5.6,252.719,205804333.906644,1.3,48.021,6.81,49.767,74580.0,513400.0,66.0,27610.128,7040.0
204,206.522,2019.0,114.8,4.0,254.857,6.0,253.228,206344543.075414,1.41,48.021,6.81,49.767,74580.0,513400.0,66.0,27610.128,7040.0
205,206.858,2019.0,84.03857142857143,3.8,255.713,5.7,259.261,206312186.569498,1.42,48.021,6.81,49.767,74580.0,513400.0,66.0,27610.128,7040.0
206,207.074,2019.0,76.3758064516129,3.8,256.388,5.2,261.019,206372831.658204,1.51,48.021,6.81,49.767,74580.0,513400.0,66.0,27610.128,7040.0
207,207.524,2019.0,88.596,3.6,256.969,5.6,264.99,206276661.888112,1.69,48.021,6.81,49.767,74580.0,513400.0,66.0,27610.128,7040.0
208,208.148,2019.0,87.86741935483872,3.7,257.907,5.5,268.864,206525473.357245,1.7,48.021,6.81,49.767,74580.0,513400.0,66.0,27610.128,7040.0
209,208.65,2019.0,103.78933333333332,3.6,258.71,5.8,266.978,206659173.823112,1.82,48.021,6.81,49.767,74580.0,513400.0,66.0,27610.128,7040.0
210,209.281,2019.0,99.52677419354838,3.7,259.268,6.0,259.36,206655624.781373,1.91,48.021,6.81,49.767,74580.0,513400.0,66.0,27610.128,7040.0
211,210.083,2019.0,85.71451612903226,3.7,259.884,6.5,253.387,206658042.804232,1.91,48.021,6.81,49.767,74580.0,513400.0,66.0,27610.128,7040.0
212,210.892,2019.0,67.36266666666667,3.5,259.941,6.6,254.266,206634780.35646105,1.95,48.021,6.81,49.767,74580.0,513400.0,66.0,27610.128,7040.0
213,211.779,2019.0,90.25129032258064,3.6,260.268,7.2,258.42,206625758.029937,2.19,48.021,6.81,49.767,74580.0,513400.0,66.0,27610.128,7040.0
214,212.77,2019.0,79.472,3.6,260.473,6.4,256.986,206649232.130241,2.2,48.021,6.81,49.767,74580.0,513400.0,66.0,27610.128,7040.0
215,213.911,2019.0,127.53290322580644,3.6,261.36,7.6,248.489,206768336.69479,2.27,48.021,6.81,49.767,74580.0,513400.0,66.0,27610.128,7040.0
216,214.971,2020.0,146.5874193548387,3.5,262.284,7.0,248.142,206195132.976976,2.4,48.021,6.81,49.767,74580.0,513400.0,66.0,27610.128,7040.0
217,215.865,2020.0,82.65035714285713,3.5,263.057,6.4,254.643,206161240.463152,2.4,48.021,6.81,49.767,74580.0,513400.0,66.0,27610.128,7040.0
218,216.415,2020.0,94.65645161290321,4.4,263.886,5.7,256.023,206102863.946716,2.41,48.021,6.81,49.767,74580.0,513400.0,66.0,27610.128,7040.0
219,216.823,2020.0,78.739,14.7,264.452,5.8,261.903,206172550.777842,2.42,48.021,6.81,49.767,74580.0,513400.0,66.0,27610.128,7040.0
220,216.992,2020.0,94.45225806451614,13.2,265.137,6.7,271.37,206450917.997713,2.39,48.021,6.81,49.767,74580.0,513400.0,66.0,27610.128,7040.0
221,217.612,2020.0,137.37066666666666,11.0,266.461,5.2,269.935,206561471.831503,2.38,48.021,6.81,49.767,74580.0,513400.0,66.0,27610.128,7040.0
222,219.373,2020.0,94.79645161290321,10.2,267.101,5.9,261.165,206406247.33032,2.4,48.021,6.81,49.767,74580.0,513400.0,66.0,27610.128,7040.0
223,222.372,2020.0,155.2332258064516,8.4,267.263,5.4,257.167,206400190.485784,2.13,48.021,6.81,49.767,74580.0,513400.0,66.0,27610.128,7040.0
224,225.821,2020.0,118.307,7.9,267.822,5.4,258.612,206317795.986342,2.04,48.021,6.81,49.767,74580.0,513400.0,66.0,27610.128,7040.0
225,229.747,2020.0,98.00290322580643,6.9,267.794,5.3,261.927,206248793.258298,1.83,48.021,6.81,49.767,74580.0,513400.0,66.0,27610.128,7040.0
226,233.183,2020.0,81.042,6.7,267.925,5.4,261.77,206324586.903383,1.55,48.021,6.81,49.767,74580.0,513400.0,66.0,27610.128,7040.0
227,236.453,2020.0,121.3074193548387,6.7,268.236,5.6,250.902,206397971.567839,1.55,48.021,6.81,49.767,74580.0,513400.0,66.0,27610.128,7040.0
228,239.52,2021.0,110.07451612903223,6.3,269.468,5.7,252.59,205738360.634943,1.55,48.021,6.81,49.767,74580.0,513400.0,66.0,27610.128,7040.0
229,242.365,2021.0,113.26,6.2,270.281,5.6,258.708,205608674.614351,1.58,48.021,6.81,49.767,74580.0,513400.0,66.0,27610.128,7040.0
230,245.478,2021.0,380.3896774193548,6.1,270.273,6.5,237.553,205444401.983235,0.65,48.021,6.81,49.767,74580.0,513400.0,66.0,27610.128,7040.0
231,249.08,2021.0,555.3246666666666,6.1,270.184,6.9,219.993,206991879.722064,0.05,48.021,6.81,49.767,74580.0,513400.0,66.0,27610.128,7040.0
232,253.426,2021.0,484.1822580645161,5.8,270.823,5.4,217.731,206806811.868266,0.05,48.021,6.81,49.767,74580.0,513400.0,66.0,27610.128,7040.0
233,258.346,2021.0,313.916,5.9,271.831,3.8,219.68,205516631.83436105,0.08,48.021,6.81,49.767,74580.0,513400.0,66.0,27610.128,7040.0
234,262.803,2021.0,359.4525806451613,5.4,272.445,3.4,219.055,205383291.36988705,0.09,48.021,6.81,49.767,74580.0,513400.0,66.0,27610.128,7040.0
235,266.796,2021.0,298.5867741935484,5.2,272.866,3.3,212.132,205756721.971442,0.1,48.021,6.81,49.767,74580.0,513400.0,66.0,27610.128,7040.0
236,270.343,2021.0,247.73666666666665,4.8,273.116,3.4,215.875,206102392.89660496,0.09,48.021,6.81,49.767,74580.0,513400.0,66.0,27610.128,7040.0
237,273.729,2021.0,271.4293548387097,4.5,273.014,3.3,224.953,206062967.906825,0.09,48.021,6.81,49.767,74580.0,513400.0,66.0,27610.128,7040.0
238,277.17,2021.0,264.6863333333333,4.2,273.29,4.0,230.478,206157848.349687,0.09,48.021,6.81,49.767,74580.0,513400.0,66.0,27610.128,7040.0
239,281.291,2021.0,238.67387096774195,3.9,273.684,4.1,220.685,206072530.61728495,0.09,48.021,6.81,49.767,74580.0,513400.0,66.0,27610.128,7040.0
240,285.86,2022.0,216.06225806451607,4.0,274.336,4.0,217.5,204942957.947155,0.09,48.021,6.81,49.767,74580.0,513400.0,66.0,27610.128,7040.0
241,291.134,2022.0,154.39642857142857,3.8,275.137,4.9,216.869,204900632.51885095,0.08,48.021,6.81,49.767,74580.0,513400.0,66.0,27610.128,7040.0
242,296.446,2022.0,176.70193548387095,3.6,276.028,4.4,218.036,205013086.55691305,0.07,48.021,6.81,49.767,74580.0,513400.0,66.0,27610.128,7040.0
243,300.566,2022.0,122.48066666666666,3.6,277.258,4.7,235.401,205390470.988754,0.07,48.021,6.81,49.767,74580.0,513400.0,66.0,27610.128,7040.0
244,303.776,2022.0,129.4448387096774,3.6,278.648,5.6,252.454,205611509.059514,0.06,48.021,6.81,49.767,74580.0,513400.0,66.0,27610.128,7040.0
245,304.693,2022.0,113.146,3.6,280.366,5.8,257.579,205376625.956331,0.08,48.021,6.81,49.767,74580.0,513400.0,66.0,27610.128,7040.0
246,303.851,2022.0,130.01032258064515,3.5,281.604,5.7,249.703,205344083.081467,0.1,48.021,6.81,49.767,74580.0,513400.0,66.0,27610.128,7040.0
247,301.401,2022.0,124.14419354838708,3.7,282.391,6.5,229.893,205334928.579499,0.09,48.021,6.81,49.767,74580.0,513400.0,66.0,27610.128,7040.0
248,299.313,2022.0,120.22966666666666,3.5,283.744,6.0,219.394,205452287.613564,0.08,48.021,6.81,49.767,74580.0,513400.0,66.0,27610.128,7040.0
249,298.921,2022.0,109.6483870967742,3.7,285.31,6.8,222.577,205370913.422304,0.08,48.021,6.81,49.767,74580.0,513400.0,66.0,27610.128,7040.0
250,298.209,2022.0,135.15266666666665,3.6,286.308,6.0,229.161,205364326.70385203,0.08,48.021,6.81,49.767,74580.0,513400.0,66.0,27610.128,7040.0
251,297.346,2022.0,137.1274193548387,3.5,287.511,5.6,225.937,205320479.360096,0.08,48.021,6.81,49.767,74580.0,513400.0,66.0,27610.128,7040.0
